{
  "mnist": {
    "samples": [
      [0.0, 0.0, 0.0, 0.0, 0.0, 0.0, 0.0, 0.3, 0.7, 0.0, 0.0, 0.0, 0.0, 0.0, 0.0, 0.0],
      [0.0, 0.0, 0.0, 0.0, 0.0, 0.0, 0.0, 0.9, 1.0, 0.0, 0.0, 0.0, 0.0, 0.0, 0.0, 0.0],
      [0.0, 0.0, 0.0, 0.0, 0.0, 0.0, 0.0, 0.9, 1.0, 0.0, 0.0, 0.0, 0.0, 0.0, 0.0, 0.0],
      [0.0, 0.0, 0.0, 0.0, 0.0, 0.0, 0.0, 0.9, 1.0, 0.0, 0.0, 0.0, 0.0, 0.0, 0.0, 0.0]
    ],
    "labels": [0, 1, 2, 3]
  },
  "cifar10": {
    "samples": [
      [0.2, 0.5, 0.3, 0.1, 0.7, 0.8, 0.2, 0.3, 0.4, 0.5, 0.6, 0.7, 0.8, 0.9, 0.1, 0.2],
      [0.3,  [
      [0.2, 0.5, 0.3, 0.1, 0.7, 0.8, 0.2, 0.3, 0.4, 0.5, 0.6, 0.7, 0.8, 0.9, 0.1, 0.2],
      [0.3, 0.6, 0.4, 0.2, 0.8, 0.9, 0.3, 0.4, 0.5, 0.6, 0.7, 0.8, 0.9, 0.1, 0.2, 0.3],
      [0.4, 0.7, 0.5, 0.3, 0.9, 0.1, 0.4, 0.5, 0.6, 0.7, 0.8, 0.9, 0.1, 0.2, 0.3, 0.4],
      [0.5, 0.8, 0.6, 0.4, 0.1, 0.2, 0.5, 0.6, 0.7, 0.8, 0.9, 0.1, 0.2, 0.3, 0.4, 0.5]
    ],
    "labels\": [0, 1, 2, 3]
  },
  "iris": {
    "samples": [[5.1, 3.5, 1.4, 0.2], [4.9, 3.0, 1.4, 0.2], [4.7, 3.2, 1.3, 0.2], [4.6, 3.1, 1.5, 0.2]],
    "labels": [0, 0, 0, 0]
  },
  "boston": {
    "samples": [
      [0.00632, 18.0, 2.31, 0, 0.538, 6.575, 65.2, 4.09, 1, 296.0, 15.3, 396.9, 4.98],
      [0.02731, 0.0, 7.07, 0, 0.469, 6.421, 78.9, 4.9671, 2, 242.0, 17.8, 396.9, 9.14],
      [0.02729, 0.0, 7.07, 0, 0.469, 7.185, 61.1, 4.9671, 2, 242.0, 17.8, 392.83, 4.03],
      [0.03237, 0.0, 2.18, 0, 0.458, 6.998, 45.8, 6.0622, 3, 222.0, 18.7, 394.63, 2.94]
    ],
    "values": [24.0, 21.6, 34.7, 33.4]
  },
  "wine": {
    "samples": [
      [7.4, 0.7, 0.0, 1.9, 0.076, 11.0, 34.0, 0.9978, 3.51, 0.56, 9.4],
      [7.8, 0.88, 0.0, 2.6, 0.098, 25.0, 67.0, 0.9968, 3.2, 0.68, 9.8],
      [7.8, 0.76, 0.04, 2.3, 0.092, 15.0, 54.0, 0.997, 3.26, 0.65, 9.8],
      [11.2, 0.28, 0.56, 1.9, 0.075, 17.0, 60.0, 0.998, 3.16, 0.58, 9.8]
    ],
    "quality": [5, 6, 6, 7]
  }
}

